url,target_keyword,related_words_missing,current_seo_title,suggested_action
/,mattress sales,mattress online,,Inline sentence addition
/blogs/mattress-buying-guide/adjustable-queen-mattresses-are-they-worth-it-pros-cons,adjustable queen bed and mattress,"adjustable bed frames, bed base, foam mattresses, high quality, sleep experience, sleep quality, twin xl full, type of mattress, weight capacity",Adjustable Queen Mattresses: Are They Worth It?,FAQ section (5+ Q&As)
/blogs/mattress-buying-guide/are-low-beds-better-for-your-back-discover-the-ergonomic-health-benefits,are low beds better for your back,"adjustable bed, bed frame height, bed frames, closer to the floor, firm mattress, flat on the floor, high beds, mattress types, medium firm, memory foam mattress, personal preferences, reduce the risk, sitting on the edge, sleep quality, sleeping surfaces, small room, spinal alignment, spine alignment, stomach sleepers, support your spine",Are Low Beds Better for Your Back? Discover the Ergonomic & Health Benefits,FAQ section (5+ Q&As)
/blogs/mattress-buying-guide/avocado-vs-tempur-pedic,avocado vs naturepedic mattress,"25-year warranty, avocado green mattress, certified organic, comfort layer, eco friendly, edge support, encased coils, firmness feel, global organic latex standard gols, mattresses feel, medium firm feel, motion transfer, natural latex, natural materials, naturepedic mattress, organic materials, organic mattress, polyurethane foam, side sleepers, stomach sleepers",Avocado vs. Tempur-Pedic - Detailed Comparison,FAQ section (5+ Q&As)
/blogs/mattress-buying-guide/bed-in-a-box-vs-traditional-mattress-pros-and-cons,are mattress in a box any good,"30 days, bed in a box, box company, budget friendly, compress and roll, firmness levels, foam mattress, foam or latex, high quality, innerspring mattress, latex mattresses, mattress in a box, mattress topper, memory foam, natural latex, natural materials, pressure relief, trial period, white glove delivery, wide range",Bed-in-a-Box vs. Traditional Mattress: Pros and Cons,FAQ section (5+ Q&As)
/blogs/mattress-buying-guide/best-black-friday-deals-on-furniture,bed black friday,"black friday sale, stearns foster, tempur pedic",Best Black Friday Deals on Furniture & Beds: What to Look For,Intro paragraph rewrite
/blogs/mattress-buying-guide/best-mattress-covers-for-allergies,allergenic mattress covers,"allergy mattress cover, bed bug proof, bed bugs, box springs, complete protection, cover protect, dead skin, dust mites and other allergens, mattress covers, mattress encasements, mattress protectors, mattresses and pillows, waterproof mattress, zipper closure, zipper lock, zippered mattress",Best Mattress Covers For Allergies,FAQ section (5+ Q&As)
/blogs/mattress-buying-guide/best-mattress-for-bad-back,beds back pain,"chronic pain, don t feel, hybrid mattresses combine, important factors, mattress firmness, mattress for back pain, mattress toppers, medium firm feel, medium firm mattresses, memory foam mattress, pressure relief, reduce pressure, relieving back pain, relieving pressure, side sleepers, sleep quality, sleeping on your side, sleeping positions, spinal alignment, spine aligned",Best Mattress For Bad Back,FAQ section (5+ Q&As)
/blogs/mattress-buying-guide/best-mattress-for-heavy-people,best mattress for heavy people,"cooling features, high density foams and reinforced, pressure points, strong edge support",Best Mattress for Heavy People (230+ lbs): What to Look For,Intro paragraph rewrite
/blogs/mattress-buying-guide/best-mattress-for-pressure-points,bed pressure points,"choosing the best mattress for pressure point relief, finding the best mattress for pressure point relief, motion isolation, pressure point pain, pressure relief mattresses, pressure relieving mattress, shoulders and hips, side sleeper, stomach sleeper, tossing and turning, wake up feeling",Best Mattress for Pressure Points,FAQ section (5+ Q&As)
/blogs/mattress-buying-guide/best-mattresses-for-3-quarter-size-beds,3 4 size bed mattress,"75 long, antique bed, custom sized, full size, mattress fits, rv owners, type of mattress",Best Mattresses for 3 Quarter Size Beds,FAQ section (5+ Q&As)
/blogs/mattress-buying-guide/best-mattresses-for-3-quarter-size-beds,3 quarter bed size,"3/4 mattress, bed frames, bed sizes, custom mattresses, guest rooms, mattress makers, mattress size, memory foam, quarter bed, quarter mattress, sleep comfortably, sleeping space, standard size",Best Mattresses for 3 Quarter Size Beds,FAQ section (5+ Q&As)
/blogs/mattress-buying-guide/can-you-put-an-air-mattress-on-a-bed-frame,air mattress with a frame,"air bed, air mattress, bed frame, camping trips, comfort and support, comfortable sleep, guest room, sleeping surface",Can You Put an Air Mattress on a Bed Frame?,FAQ section (5+ Q&As)
/blogs/mattress-buying-guide/full-size-bed-dimensions-width-couples,full bed dimensions,"bunk beds, full mattress, king size mattresses, queen size beds, standard mattress sizes",Full Size Bed Dimensions: How Wide Is a Full Size Bed?,FAQ section (5+ Q&As)
/blogs/mattress-buying-guide/full-size-mattress-measurements-room-layout-tips,size of full bed,"bed sizes, double beds, king size mattresses, queen size beds, queen size mattresses, standard mattress sizes","Full-Size Mattress Dimensions, Room Layout Tips & Who It's Actually For",FAQ section (5+ Q&As)
/blogs/mattress-buying-guide/full-vs-queen-mattress,full vs queen size,"bed frame, bigger mattress, extra space, feet tall, find your perfect, full or queen mattress, full size bed, full size mattress, guest rooms, inches longer, mattress dimensions, mattress sizes, queen size bed, queen sized mattresses, room size, sized bed, sleep style, small bedroom",Full vs Queen Mattress: Size Comparison & Dimensions Guide (2026),FAQ section (5+ Q&As)
/blogs/mattress-buying-guide/full-vs-queen-mattress,how big is a full size bed,"30 inches wide by 75 inches long, 38 inches wide by 75 inches long, 60 inches wide by 75 inches long, full size beds, queen size beds, single sleepers",Full vs Queen Mattress: Size Comparison & Dimensions Guide (2026),FAQ section (5+ Q&As)
/blogs/mattress-buying-guide/heated-mattress-pads-for-queen-beds-cozy-winter-must-haves,alas kasur springbed,"alas tidur, tempat tidur, untuk membuat, untuk pengalaman",Heated Mattress Pads for Queen Beds: What to Know Before You Buy,Intro paragraph rewrite
/blogs/mattress-buying-guide/how-bigs-a-double-bed,double bed size,"bed dimensions, double size, full size bed, queen size beds, small bedrooms, standard sized",How Big Is a Double Bed? Full Double Bed Size Guide,FAQ section (5+ Q&As)
/blogs/mattress-buying-guide/how-much-space-does-a-full-size-mattress-really-give-you,full bed size,"queen mattress, queen size beds, queen size mattresses",How Much Space Does a Full Size Mattress Really Give You?,Intro paragraph rewrite
/blogs/mattress-buying-guide/how-much-space-does-a-full-size-mattress-really-give-you,size a full bed,larger mattresses,How Much Space Does a Full Size Mattress Really Give You?,Inline sentence addition
/blogs/mattress-buying-guide/how-to-flip-a-tempurpedic-mattress,ashley furniture tempur pedic mattress return policy,"1st renewal date regular, 1st scheduled renewal payment, 24 months special financing, additional promotional financing options, advantage synchrony credit card, ashley advantage synchrony credit, credit card agreement terms, customers in california will pay a 0 initial rent payment and a 1 processing fee to start, date regular rental rates, equal monthly payments required, excludes samsung appliances and electronics, initial amount financed divided, minimum monthly payments required, minimum purchase amount is determined prior to any down payment taxes or delivery, payment amounts rental terms, regular account terms apply, regular rental rates taxes, renewal date regular rental, rental rates taxes fees, specific transaction item",How To Flip A Tempurpedic Mattress,FAQ section (5+ Q&As)
/blogs/mattress-buying-guide/is-a-magnetic-mattress-good-for-health,aimant douleur,"aimants thérapeutiques, champ magnétique, placer les aimants, soulager les douleurs, utilisation des aimants, zone douloureuse",Is a Magnetic Mattress Good for Health?,FAQ section (5+ Q&As)
/blogs/mattress-buying-guide/is-a-magnetic-mattress-good-for-health,arthro dolor avis,"apaiser vos douleurs articulaires, appareil de magnétothérapie portable, application sur l'articulation douloureuse, arthro dolor, champs magnétiques pulsés, combine 2 méthodes de physiothérapie éprouvées l'électrostimulation et le magnétisme, contact avec la peau, créer une onde électromagnétique, innovant il soulage, magnétothérapie portable nouvelle, met en mouvement, mouvement des aimants, simple et innovant, soulage vos douleurs articulaires",Is a Magnetic Mattress Good for Health?,FAQ section (5+ Q&As)
/blogs/mattress-buying-guide/king-vs-california-king,cal king vs king,"72 inches wide by 84 inches long, 80 inches long, eastern king, extra length, extra width, pros and cons, surface area, western king",King vs California King Mattress: Which Size Is Right for You?,FAQ section (5+ Q&As)
/blogs/mattress-buying-guide/king-vs-california-king,california king dimensions,"extra room, size bed",King vs California King Mattress: Which Size Is Right for You?,Inline sentence addition
/blogs/mattress-buying-guide/king-vs-california-king,california king vs king,"76 inches, california king bed, choose between a king, king size mattress, room size, sleeping spaces, taller individuals",King vs California King Mattress: Which Size Is Right for You?,FAQ section (5+ Q&As)
/blogs/mattress-buying-guide/king-vs-california-king,king vs california king,"children or pets, sleeping position, standard king",King vs California King Mattress: Which Size Is Right for You?,Intro paragraph rewrite
/blogs/mattress-buying-guide/memory-foam-vs-hybrid,all foam vs hybrid mattress,"coil support, coil systems, comfort layers, edge support, foam comfort, foam layers, high density, hugged feeling, hybrid mattresses combine, mattress types, memory foam mattress, memory foam vs hybrid, minimal motion transfer, motion isolation, pocketed coils, pressure points, relieve pressure, side sleepers, sleep hot",Memory Foam vs Hybrid Mattress: Which Is Better in 2026?,FAQ section (5+ Q&As)
/blogs/mattress-buying-guide/pros-and-cons-of-using-an-air-mattress-long-term,air bed is good for sleep,"air mattresses, camping trips, comfortable air, guest room, inflatable beds, mattress topper, queen size, real bed, short term, sleeping surface",Pros and Cons of Using an Air Mattress Long-Term,FAQ section (5+ Q&As)
/blogs/mattress-buying-guide/pros-and-cons-of-using-an-air-mattress-long-term,are air mattresses bad for you,"air mattress long term, amount of time, inflating mattress, internal pump, mattresses do not offer, offer the quality, quality and support, sleeping on an air, support a typical mattress, uniform support",Pros and Cons of Using an Air Mattress Long-Term,FAQ section (5+ Q&As)
/blogs/mattress-buying-guide/queen-mattress-size-guide-inches-feet-how-to-pick-the-perfect-fit,queen size mattress dimensions,"box springs, bunk beds, extra room, foam mattresses, king bedding, king size mattress, master bedrooms, single sleepers, standard king","Queen Mattress Size Guide: Inches, Feet & How to Pick the Perfect Fit",FAQ section (5+ Q&As)
/blogs/mattress-buying-guide/sealy-vs-beautyrest-mattresses,beautyrest black vs saatva,"beautyrest black mattresses, body type, coil layers, comfort layers, edge support, euro pillow top, firm pillow top, firmness options, foam layers, gel memory foam, medium firm, motion isolation, organic cotton, plush soft luxury firm and firm, pocketed coils, pressure relief, saatva classic mattress, side sleepers, sleep trial, stomach sleepers",Sealy vs Beautyrest Mattresses Comparison 2024,FAQ section (5+ Q&As)
/blogs/mattress-buying-guide/serta-pedic-vs-tempurpedic-why-tempurpedic-is-the-better-option,arc'teryx vs tempur-pedic,edge support,Serta Pedic vs Tempurpedic: Why Tempurpedic is the Better Option,Inline sentence addition
/blogs/mattress-buying-guide/spring-vs-foam-mattress-back-pain#which-is-better-by-sleep-position,are spring mattresses bad for your back,"shoulders and hips, spine in its own fabric pocket, traps heat",,Intro paragraph rewrite
/blogs/mattress-buying-guide/the-best-queen-air-mattresses-for-camping-built-in-pump-vs-manual,2 persoons luchtbed met ingebouwde pomp,"1-persoons luchtbedden, 2-persoons luchtbedden, beste luchtbed, hoog luchtbed, luchtbed met ingebouwde pomp, meest geschikte, persoons luchtbed",The Best Queen Air Mattresses for Camping: Built‑in Pump vs Manual,FAQ section (5+ Q&As)
/blogs/mattress-buying-guide/what-does-medium-firm-mattress-mean-understanding-firmness-levels-for-perfect-sleep,medium firm mattress,"foam mattress, hybrid mattress",What Does Medium Firm Mattress Mean? Understanding Firmness Levels for Perfect Sleep,Inline sentence addition
/blogs/mattress-buying-guide/what-is-a-hybrid,what is a hybrid mattress,"hot sleeper, pillow top, pressure point, quality materials, side sleeper, sleep experience, top layer","What Is a Hybrid Mattress? How It Works, Pros & Cons, and Who It's Right For",FAQ section (5+ Q&As)
/blogs/mattress-buying-guide/what-is-high-density-foam,2.0 high density foam,"applications including, durable and resilient, high quality, higher density, medium density, seat cushions",What is High Density Foam? Facts (Pros & Cons),FAQ section (5+ Q&As)
/blogs/mattress-buying-guide/what-is-innerspring,innerspring mattress,number of coils,"What Is an Innerspring Mattress? Pros, Cons & Who Should Buy One",Inline sentence addition
/blogs/mattress-buying-guide/what-is-the-best-thickness-for-a-memory-foam-mattress,ashley 10 inch memory foam mattress,"comfort level, gel memory foam, high density, pressure relief, wrapped coils",What Is The Best Thickness For A Memory Foam Mattress?,FAQ section (5+ Q&As)
/blogs/mattress-buying-guide/what-is-the-best-thickness-for-a-memory-foam-mattress,best memory foam mattress consumer reports,"100 of the fees, check our mattress buying, check our site we may earn affiliate commissions, collect are used to support, consumer reports, fees we collect, foam layers, hybrid mattresses, links on our site, mattress buying guide, memory foam mattresses, shop through retailer links, side sleepers, support our nonprofit mission, tested mattresses",What Is The Best Thickness For A Memory Foam Mattress?,FAQ section (5+ Q&As)
/blogs/mattress-buying-guide/what-is-the-size-of-a-queen-mattress,how big is a queen size bed,"double bed, full size bed, size mattresses","What Is the Size of a Queen Mattress? Dimensions, Room Fit & Who It's For",Intro paragraph rewrite
/blogs/mattress-buying-guide/what-is-the-size-of-a-queen-mattress,how wide is a queen bed,long term,"What Is the Size of a Queen Mattress? Dimensions, Room Fit & Who It's For",Inline sentence addition
/blogs/mattress-buying-guide/what-is-the-size-of-a-queen-mattress,queen mattress dimensions,"full mattress, master bedroom","What Is the Size of a Queen Mattress? Dimensions, Room Fit & Who It's For",Inline sentence addition
/blogs/mattress-buying-guide/what-is-the-size-of-a-queen-mattress,queen size queen size bed,full sizes,"What Is the Size of a Queen Mattress? Dimensions, Room Fit & Who It's For",Inline sentence addition
/blogs/mattress-buying-guide/what-is-the-size-of-a-queen-mattress,size queen size beds,king beds,"What Is the Size of a Queen Mattress? Dimensions, Room Fit & Who It's For",Inline sentence addition
/blogs/mattress-buying-guide/what-is-the-size-of-a-twin-mattress,twin bed size,growing children,"Twin Bed Size: Mattress Dimensions, Who It's For, How to Choose",Inline sentence addition
/blogs/mattress-buying-guide/what-is-the-size-of-a-twin-mattress,twin mattress dimensions,"76 x 80, 80 inches long, twin xl mattress","Twin Bed Size: Mattress Dimensions, Who It's For, How to Choose",Intro paragraph rewrite
/blogs/mattress-buying-guide/what-is-the-size-of-a-twin-mattress,twin size bed dimensions,"mattress measures, single bed","Twin Bed Size: Mattress Dimensions, Who It's For, How to Choose",Inline sentence addition
/blogs/mattress-buying-guide/what-is-the-standard-size-of-a-full-bed,bed full size,full beds,Standard Size of a Full Bed – Dimensions & Guide,Inline sentence addition
/blogs/mattress-buying-guide/what-is-the-standard-size-of-a-full-bed,full size bed dimensions,"bed frame, bed sizes, bunk beds, california king, floor space, full mattress, full size mattresses, inches wider, king size mattresses, mattress dimensions, mattress measures, queen mattress, queen size beds, queen size mattresses, room size, single sleepers, size guide, standard mattress sizes, standard size",Standard Size of a Full Bed – Dimensions & Guide,FAQ section (5+ Q&As)
/blogs/mattress-buying-guide/what-to-do-about-a-beautyrest-black-mattress-sagging,beautyrest black series 4 reviews,"beautyrest black, black mattress, firmness levels, firmness options, gel memory, hybrid mattress, micro diamond memory foam, pocketed coils, pressure relief, side sleepers",What To Do About a Beautyrest Black Mattress Sagging?,FAQ section (5+ Q&As)
/blogs/mattress-buying-guide/will-king-sheets-fit-a-california-king-mattress,king sheets for california king,"bed sheets, king sizes",King Sheets for California King Mattress: Will They Fit?,Inline sentence addition
/blogs/mattress-care-tips/how-to-put-a-mattress-back-in-a-box,bed in a box packaging,"depending on the model, mattress in a box, memory foam, size mattress",How to Put a Mattress Back in a Box?,Intro paragraph rewrite
/blogs/sleep-blog/choosing-the-right-tent-size-for-your-queen-mattress,family x sleep.8 mattress,"alarm feature, autopilot feature, deep sleep, game changer, health and sleep, heart rate, heat and cool, hot sleeper, middle of the night, personal preferences, respiratory rate, side of the bed, sleep app, sleep fitness, sleep pod, sleep quality, sleep stages, temperature adjustments",What Size Tent Fits a Queen Mattress?,FAQ section (5+ Q&As)
/blogs/sleep-blog/how-to-elevate-crib-mattress-for-congestion,aap guidance elevate head of crib for congestion not recommended,"aap recommends, academy of pediatrics aap, american academy of pediatrics, babies fall asleep, baby to sleep, blankets stuffed animals, car seat, consumer product safety commission, cool mist humidifier, firm flat mattress, firm surface, infant death syndrome, portable crib or play yard, reduce the risk, sleep in a swing or car, sleep practices, sleep space, sleep surface, support for safe sleep",How to Elevate Crib Mattress for Congestion?,FAQ section (5+ Q&As)
/blogs/sleep-health/can-cockroaches-live-in-a-mattress,if you find a roach in your house is there more,"cockroach egg, cockroach infestation, cockroach problem, common household pests, cracks and crevices, dark brown, doors windows, egg casings, food and moisture, food and water, german cockroaches, pest control company, prevent future, professional pest control, roach infestation, seal entry points, shed skins, smear marks, storage areas, store food",Can Cockroaches Live in a Mattress?,FAQ section (5+ Q&As)
/collections/adjustable-beds,adjustable bed with mattress,"adjustable frame, anti snore, king sized, pounds including the mattress, sleep apnea",Adjustable Beds That Raise Head & Feet | LA Mattress Store,FAQ section (5+ Q&As)
/collections/adjustable-beds,adjustable mattress and frame,"split king adjustable, twin xl full queen",Adjustable Beds That Raise Head & Feet | LA Mattress Store,Inline sentence addition
/collections/bed-frames,bed frames bear me,"bed storage, box spring, built in drawers, california king, frames with built, full queen king, guest room, headboard and footboard, platform beds, selection of bed, smaller bedrooms, storage drawers, upholstered beds, upholstered headboards, wood metal","Bed Frames — Platform, Metal & Adjustable | LA Mattress",FAQ section (5+ Q&As)
/collections/bed-frames,bed place,bed frames,"Bed Frames — Platform, Metal & Adjustable | LA Mattress",Inline sentence addition
/collections/bed-in-a-box-mattresses,bed ina box,mattress in a box,Bed-in-a-Box Mattresses | Compressed Roll-Pack Delivery | LA Mattress Store,Inline sentence addition
/collections/california-king-mattresses,california king mattress,"box spring, california king bed",California King Mattresses | Cal King Beds | LA Mattress Store,Inline sentence addition
/collections/extra-firm-mattresses,extra firm mattress,"hips and shoulders, hot sleepers, mattress on the market, plank firm luxe, side of the mattress, sleep trial",Extra Firm Mattresses | Maximum Support for Back & Stomach Sleepers | LA Mattress Store,FAQ section (5+ Q&As)
/collections/helix-mattresses,helix mattress,glaciotex cooling cover,Helix Mattresses | Engineered for Your Sleep Style | LA Mattress Store,Inline sentence addition
/collections/king-size-mattresses,king mattress,"mattress options, sleep comfortably, standard king size",King Mattress Collection - Top Brands from $499 | LA Mattress,Intro paragraph rewrite
/collections/latex-mattresses,latex mattress,"100 natural latex, box springs, edge support, wicking away moisture","Latex Mattresses | Natural, Organic & Responsive | LA Mattress Store",Intro paragraph rewrite
/collections/mattress-protector,bed cover mattress,mattress protector,"Mattress Covers & Protectors | Waterproof, Allergen-Safe | LA Mattress",Inline sentence addition
/collections/mattress-toppers,mattress and toppers,"certipur us certified, comfort and support, firm mattress, hip and shoulder, inches thick, mattress pad, mattress topper for back pain, memory foam mattress topper, pressure point, pressure relief, side sleepers, soft mattress, spinal alignment, washable cover","Mattress Toppers — Memory Foam, Latex & Cooling | LA Mattress Store",FAQ section (5+ Q&As)
/collections/mattresses,bed for sale,"bedroom furniture, storage beds, traditional bed",Mattresses | All Brands & Comfort Levels | LA Mattress Store,Intro paragraph rewrite
/collections/mattresses,bed frame stores,twin xl full queen,Mattresses | All Brands & Comfort Levels | LA Mattress Store,Inline sentence addition
/collections/memory-foam-mattresses,foam memory foam,"body weight, comfort and support, comfort layer, excellent pressure relief, firm feel, foam layer, gel infused, heat retention, higher density, hybrid mattresses, mattress manufacturers, memory foam beds, memory foam mattresses, motion transfer, pressure points, quality memory foam, sleep surface, tempur pedic, wide range",Memory Foam Mattresses | Body Contouring & Pressure Relief | LA Mattress Store,FAQ section (5+ Q&As)
/collections/on-sale,mattress mattress sale,perfect amount,Mattress Sales: Up to 60% Off Top Brands | LA Mattress Store,Inline sentence addition
/collections/tempur-pedic-mattresses,tempurpedic mattress,pressure point,Tempur-Pedic Mattresses | Best Prices and Same-Day Delivery,Inline sentence addition
/pages/koreatown-best-mattress-store,bed frame king near me,"bed frames, bedroom furniture, box spring, charging ports, king size bed frame, led lighting, modern minimalist design, usb charging",Best Mattress Store in Koreatown on Western Ave,FAQ section (5+ Q&As)
/pages/mattress-sizes,bed dimensions feet,perfect size,Mattress Sizes & Bed Size Chart: Twin to Cal King Dimensions,Inline sentence addition
/pages/mattress-sizes,king mattress size,80 inches,Mattress Sizes & Bed Size Chart: Twin to Cal King Dimensions,Inline sentence addition
/pages/mattress-sizes,king size measurement mattress,"72 inches, 84 inches",Mattress Sizes & Bed Size Chart: Twin to Cal King Dimensions,Inline sentence addition
/pages/mattress-sizes,mattress size chart,"king bedding, queen and king",Mattress Sizes & Bed Size Chart: Twin to Cal King Dimensions,Inline sentence addition
/pages/mattress-sizes,size twin bed dimensions,twin size,Mattress Sizes & Bed Size Chart: Twin to Cal King Dimensions,Inline sentence addition
/pages/mattress-store-in-glendale,bed frame twin,"bed frames, guest room, twin beds, wood frame",Best Mattress Store in Glendale on Central Ave,Intro paragraph rewrite
/pages/mattress-store-locations,mattress stores near me,exchanges or refunds,Find a Mattress Store Near You | LA Mattress Stores Locations,Inline sentence addition
/products/low-profile-flat-box-spring-mattress-foundation,4 inch foundation,"bed frame, box springs, memory foam, metal frame",,Intro paragraph rewrite
